﻿<?xml version="1.0" encoding="UTF-8" standalone="yes"?>
<addon id="repository.ramic" name="Ramic Kodi Add-ons Repository (Unofficial)" version="1.4.0" provider-name="Michal">">
    <extension point="xbmc.addon.repository" name="Ramic Kodi Add-ons Repository (Unofficial)">     
            <dir>
            <info compressed="false">https://raw.githubusercontent.com/meserak86/cimar/master/addons.xml</info>
            <checksum>https://raw.githubusercontent.com/meserak86/cimar/master/addons.xml.md5</checksum>
            <datadir zip="true">https://github.com/meserak86/cimar/raw/master/ramic</datadir>
        </dir>
        <dir>
            <info compressed="false">https://raw.githubusercontent.com/meserak86/cimar/master/addons.xml</info>
            <checksum>https://raw.githubusercontent.com/meserak86/cimar/master/addons.xml.md5</checksum>
            <datadir zip="true">https://github.com/meserak86/cimar/raw/master/ramic</datadir>
        </dir>
    </extension>
    <extension point="xbmc.addon.metadata">
        <summary>Ramic Kodi Repository (Unofficial)</summary>
        <summary lang="pl">Repozytorium wtyczek</summary>
        <summary lang="en">Addons repository</summary>
        <description>Unofficial, private Addons repository.</description>
        <disclaimer>Repository has non-comercial nature. Just for fun</disclaimer>
        <disclaimer lang="pl">Zawartość repozytorium ma charakter niekomercyjny, tworzone dla zabawy.</disclaimer>
        <platform>all</platform>
        <website></website>
        <email></email>
    </extension>
</addon>
